Random State,Accuracy,Precision,Recall,F1 Score
10,0.7037037037037037,0.718975637629214,0.7037037037037037,0.7024827024827024
