Random State,Accuracy,Precision,Recall,F1 Score
10,0.6851851851851852,0.7043350168350168,0.6851851851851852,0.6829109811565951
