Random State,Accuracy,Precision,Recall,F1 Score
10,0.7037037037037037,0.7293570626903961,0.7037037037037037,0.7004342273307791
