Random State,Accuracy,Precision,Recall,F1 Score
10,0.7037037037037037,0.7432470064049012,0.7037037037037037,0.697530864197531
