Random State,Accuracy,Precision,Recall,F1 Score
10000,0.8980392156862745,0.9323308270676691,0.8794326241134752,0.9051094890510948
