Random State,Accuracy,Precision,Recall,F1 Score
10000,0.8181818181818182,1.0,0.7142857142857143,0.8333333333333333
